<?xml version='1.0' encoding='UTF-8'?>
<openerp>
    <data>

<!-- 
Leyend
    Purchase Invoices (5)
      3 Current Period + Withholding
      2 Previous Period + Withholding
    Sale Invoices (5)
      3 Current Period + Withholding
      2 Previous Period + Withholding

    PD: Wh of invoices of previous period I cancell them at the current period.
-->

        <!--    Partner    -->
        <record id="res_partner_1_fb" model="res.partner">
            <field name="name">Vauxoo CCS</field>
            <field name="country_id" ref="base.ve"/>
            <field name="vat">VEV317520883</field>
            <field name="active" eval="1"/>
            <field name="street">Carretera Km 1.</field>
            <field name="type">invoice</field>
            <field name="fax">0212-7847124</field>
            <field name="phone">0212-8471467</field>
            <field name="email">vauxoo-ccs@vauxoo.com</field>
            <field name="ref">877</field>
            <field name="property_account_receivable" ref="account.a_recv"/>
            <field name="property_account_payable" ref="account.a_pay"/>
        </record>
        <record id="res_partner_2_fb" model="res.partner">
            <field name="name">Vauxoo VAL</field>
            <field name="country_id" ref="base.ve"/>
            <field name="vat">VEV317520884</field>
            <field name="active" eval="1"/>
            <field name="supplier" eval="1"/>
            <field name="customer" eval="1"/>
            <field name="street">Urb. Trigaleña Av. 128.</field>
            <field name="type">invoice</field>
            <field name="fax">0241-7847124</field>
            <field name="phone">0241-8471467</field>
            <field name="email">vauxoo-val@vauxoo.com</field>
            <field name="ref">112</field>
            <field name="property_account_receivable" ref="account.a_recv"/>
            <field name="property_account_payable" ref="account.a_pay"/>
        </record>

        <!--    Company    -->
        <record id="base.main_company" model="res.company">
            <field name="currency_id" ref="base.VEF"/>
            <field name="partner_id" ref="res_partner_1_fb"/>
            <field name="name">Vauxoo C.A.</field>
        </record>

        <!--    Account    -->
        <record id="account_fb" model="account.account">
            <field name="code">XX1313</field>
            <field name="name">Ingresos por Ventas</field>
            <field name="parent_id" ref="account.rev"/>
            <field name="type">other</field>
            <field name="user_type" ref="account.data_account_type_income"/>
        </record>

        <!--    Purchase Invoices    -->
        <record id="account_invoice_0" model="account.invoice">
            <field name="name">FB Purchase Invoice 1</field>
            <field name="type">in_invoice</field>
            <field name="state">draft</field>
            <field name="user_id" ref="base.user_demo"/>
            <field name="nro_ctrl">Fb-001</field>
            <field name="reference">Fb-001</field>
            <field name="partner_id" ref="res_partner_2_fb"/> 
            <field name="company_id" ref="base.main_company"/>
            <field name="journal_id" ref="account.expenses_journal"/>
            <field name="account_id" ref="account.a_pay"/>
            <field name="currency_id" ref="base.VEF"/>
            <field name="amount_untaxed" eval="700000.0"/>
            <field name="amount_total" eval="700000.0"/>
            <field name="date_invoice" eval="time.strftime('%Y-%m-%d')"/>
        </record>
        <record id="account_invoice_line_facturapersonajuridicadomiciliada0" model="account.invoice.line">
            <field name="account_id" ref="account_fb"/>
            <field name="invoice_id" ref="account_invoice_0"/>
            <field eval="350000.0" name="price_unit"/>
            <field eval="700000.0" name="price_subtotal"/>
            <field name="company_id" ref="base.main_company"/>
            <field eval="2.0" name="quantity"/>
            <field name="partner_id" ref="res_partner_2_fb"/>
            <field name="name">Factura 1. Persona Juridica Domiciliada</field>
        </record>
        <record id="account_invoice_2" model="account.invoice">
            <field eval="1180000.0" name="check_total"/>
            <field name="journal_id" ref="account.expenses_journal"/>
            <field name="currency_id" ref="base.VEF"/>
            <field name="nro_ctrl">00-65323</field>
            <field eval="0" name="sin_cred"/>
            <field name="user_id" ref="base.user_demo"/>
            <field name="reference">libre-003873</field>
            <field name="reference_type">none</field>
            <field name="company_id" ref="base.main_company"/>
            <field name="state">draft</field>
            <field name="type">in_invoice</field>
            <field name="account_id" ref="account.a_pay"/>
            <field eval="0" name="reconciled"/>
            <field eval="1182000.1" name="amount_untaxed"/>
            <field eval="1182000.1" name="amount_total"/>
            <field name="partner_id" ref="res_partner_2_fb"/>
        </record>
        <record id="account_invoice_line_facturapersonanaturalresidenciada1" model="account.invoice.line">
            <field name="account_id" ref="account_fb"/>
            <field name="invoice_id" ref="account_invoice_2"/>
            <field eval="591000.0" name="price_unit"/>
            <field eval="1182000.1" name="price_subtotal"/>
            <field name="company_id" ref="base.main_company"/>
            <field eval="2.0" name="quantity"/>
            <field name="partner_id" ref="res_partner_2_fb"/>
            <field name="name">Factura2. Persona Natural Residenciada</field>
        </record>
        <record id="account_invoice_3" model="account.invoice">
            <field eval="2424000.0" name="check_total"/>
            <field name="journal_id" ref="account.expenses_journal"/>
            <field name="currency_id" ref="base.VEF"/>
            <field name="nro_ctrl">00-0003873298</field>
            <field eval="0" name="sin_cred"/>
            <field name="user_id" ref="base.user_demo"/>
            <field name="reference">libre-00238738</field>
            <field name="reference_type">none</field>
            <field name="company_id" ref="base.main_company"/>
            <field name="state">draft</field>
            <field name="type">in_invoice</field>
            <field name="account_id" ref="account.a_pay"/>
            <field eval="0" name="reconciled"/>
            <field eval="2424000.0" name="amount_untaxed"/>
            <field eval="2424000.0" name="amount_total"/>
            <field name="partner_id" ref="res_partner_2_fb"/>
        </record>
        <record id="account_invoice_line_facturapersonajuridicanodomiciliada0" model="account.invoice.line">
            <field name="account_id" ref="account_fb"/>
            <field name="invoice_id" ref="account_invoice_3"/>
            <field eval="1212000.0" name="price_unit"/>
            <field eval="2424000.0" name="price_subtotal"/>
            <field name="company_id" ref="base.main_company"/>
            <field eval="2.0" name="quantity"/>
            <field name="partner_id" ref="res_partner_2_fb"/>
            <field name="name">Factura 4. Persona Juridica No Domiciliada</field>
        </record>
        <record id="account_invoice_4" model="account.invoice">
            <field eval="1568000.0" name="check_total"/>
            <field name="journal_id" ref="account.expenses_journal"/>
            <field name="currency_id" ref="base.VEF"/>
            <field name="nro_ctrl">00-00084787</field>
            <field eval="0" name="sin_cred"/>
            <field name="user_id" ref="base.user_demo"/>
            <field name="reference">libre-0082387</field>
            <field name="reference_type">none</field>
            <field name="company_id" ref="base.main_company"/>
            <field name="state">draft</field>
            <field name="type">in_invoice</field>
            <field name="account_id" ref="account.a_pay"/>
            <field eval="0" name="reconciled"/>
            <field eval="1568000.0" name="amount_untaxed"/>
            <field eval="1568000.0" name="amount_total"/>
            <field name="partner_id" ref="res_partner_2_fb"/>
        </record>
        <record id="account_invoice_line_facturapersonanaturalnoresidente0" model="account.invoice.line">
            <field name="account_id" ref="account_fb"/>
            <field name="invoice_id" ref="account_invoice_4"/>
            <field eval="784000.0" name="price_unit"/>
            <field eval="1568000.0" name="price_subtotal"/>
            <field name="company_id" ref="base.main_company"/>
            <field eval="2.0" name="quantity"/>
            <field name="partner_id" ref="res_partner_2_fb"/>
            <field name="name">Factura 3. Persona Natural no Residente</field>
        </record>
        
        <!--    Sale Invoices    -->
        <record id="account_invoice_5" model="account.invoice">
            <field name="currency_id" ref="base.VEF"/>
            <field name="journal_id" ref="account.sales_journal"/>
            <field name="nro_ctrl">00-562115613156</field>
            <field eval="0" name="sin_cred"/>
            <field name="user_id" ref="base.user_demo"/>
            <field name="reference_type">none</field>
            <field name="company_id" ref="base.main_company"/>
            <field name="state">draft</field>
            <field name="type">out_invoice</field>
            <field name="account_id" ref="account.a_recv"/>
            <field eval="0" name="reconciled"/>
            <field eval="6000000.0" name="amount_untaxed"/>
            <field eval="6000000.0" name="amount_total"/>
            <field name="partner_id" ref="res_partner_2_fb"/>
        </record>
        <record id="account_invoice_line_domiciliado0" model="account.invoice.line">
            <field name="account_id" ref="account_fb"/>
            <field name="invoice_id" ref="account_invoice_5"/>
            <field eval="3000000.0" name="price_unit"/>
            <field eval="6000000.0" name="price_subtotal"/>
            <field name="company_id" ref="base.main_company"/>
            <field eval="2.0" name="quantity"/>
            <field name="partner_id" ref="res_partner_2_fb"/>
            <field name="name">Factura4 CU.Persona Juridica No Domiciliado</field>
        </record>
        <record id="account_invoice_6" model="account.invoice">
            <field name="currency_id" ref="base.VEF"/>
            <field name="journal_id" ref="account.sales_journal"/>
            <field name="nro_ctrl">00-8975452</field>
            <field eval="0" name="sin_cred"/>
            <field name="user_id" ref="base.user_demo"/>
            <field name="reference_type">none</field>
            <field name="company_id" ref="base.main_company"/>
            <field name="state">draft</field>
            <field name="type">out_invoice</field>
            <field name="account_id" ref="account.a_recv"/>
            <field eval="0" name="reconciled"/>
            <field eval="1370000.65" name="amount_untaxed"/>
            <field eval="1370000.65" name="amount_total"/>
            <field name="partner_id" ref="res_partner_2_fb"/>
        </record>
        <record id="account_invoice_line_factura6" model="account.invoice.line">
            <field name="account_id" ref="account_fb"/>
            <field name="invoice_id" ref="account_invoice_6"/>
            <field eval="685000.0" name="price_unit"/>
            <field eval="1370000.65" name="price_subtotal"/>
            <field name="company_id" ref="base.main_company"/>
            <field eval="2.0" name="quantity"/>
            <field name="partner_id" ref="res_partner_2_fb"/>
            <field name="name">Fact3 CUS. Persona Juridica Domiciliada</field>
        </record>
        <record id="account_invoice_7" model="account.invoice">
            <field name="currency_id" ref="base.VEF"/>
            <field name="journal_id" ref="account.sales_journal"/>
            <field name="nro_ctrl">00-545413165</field>
            <field eval="0" name="sin_cred"/>
            <field name="user_id" ref="base.user_demo"/>
            <field name="reference_type">none</field>
            <field name="company_id" ref="base.main_company"/>
            <field name="state">draft</field>
            <field name="type">out_invoice</field>
            <field name="account_id" ref="account.a_recv"/>
            <field eval="0" name="reconciled"/>
            <field eval="6000000.0" name="amount_untaxed"/>
            <field eval="6000000.0" name="amount_total"/>
            <field name="partner_id" ref="res_partner_2_fb"/>
        </record>
        <record id="account_invoice_line_factura2" model="account.invoice.line">
            <field name="account_id" ref="account_fb"/>
            <field name="invoice_id" ref="account_invoice_7"/>
            <field eval="3000000.0" name="price_unit"/>
            <field eval="6000000.0" name="price_subtotal"/>
            <field name="company_id" ref="base.main_company"/>
            <field eval="2.0" name="quantity"/>
            <field name="partner_id" ref="res_partner_2_fb"/>
            <field name="name">Factura 2 Customer. Persona Natural No Residenciada</field>
        </record>
        <record id="account_invoice_8" model="account.invoice">
            <field name="currency_id" ref="base.VEF"/>
            <field name="journal_id" ref="account.sales_journal"/>
            <field name="nro_ctrl">00-5642165</field>
            <field eval="0" name="sin_cred"/>
            <field name="user_id" ref="base.user_demo"/>
            <field name="reference_type">none</field>
            <field name="company_id" ref="base.main_company"/>
            <field name="state">draft</field>
            <field name="type">out_invoice</field>
            <field name="account_id" ref="account.a_recv"/>
            <field eval="0" name="reconciled"/>
            <field eval="3999999.4" name="amount_untaxed"/>
            <field eval="3999999.4" name="amount_total"/>
            <field name="partner_id" ref="res_partner_2_fb"/>
        </record>
        <record id="account_invoice_line_factura3" model="account.invoice.line">
            <field name="account_id" ref="account_fb"/>
            <field name="invoice_id" ref="account_invoice_8"/>
            <field eval="2000000.0" name="price_unit"/>
            <field eval="3999999.4" name="price_subtotal"/>
            <field name="company_id" ref="base.main_company"/>
            <field eval="2.0" name="quantity"/>
            <field name="partner_id" ref="res_partner_2_fb"/>
            <field name="name">Factura 1 Customer. Persona Natural Residenciada</field>
        </record>

    </data>
</openerp>