<?xml version='1.0' encoding='UTF-8'?>
<odoo>
    <data noupdate="1">
        <!-- Decimal Precision-->
        <record forcecreate="True" id="decimal_withhold_islr" model="decimal.precision">
            <field name="name">Withhold ISLR</field>
            <field name="digits">2</field>
        </record>
    <!-- Begin of Concepts -->
        <record id="islr_wh_concept_no_apply_withholding" model="islr.wh.concept">
            <field eval="0" name="withholdable"/>
            <field eval="'NO APLICA RETENCION'" name="name"/>
        </record>

        <record id="islr_wh_concept_hprof_no_mercantiles" model="islr.wh.concept">
            <field eval="1" name="withholdable"/>
            <field eval="'Honorarios Profesionales No Mercantiles'" name="name"/>
        </record>

        <record id="islr_wh_concept_cualquie_cosa_menos_sueldos" model="islr.wh.concept">
            <field eval="1" name="withholdable"/>
            <field eval="'Cualquier otra Comisión distintas a Remuneraciones accesorias de los sueldos, salarios y demás remuneraciones similares'" name="name"/>
        </record>

        <record id="islr_wh_concept_pago_contratistas" model="islr.wh.concept">
            <field eval="1" name="withholdable"/>
            <field eval="'Pagos a Empresas Contratistas o Subcontratistas domiciliadas o no en el país, por la ejecución de obras o de la prestación de servicios en base a valuaciones y ordenes de pago'" name="name"/>
        </record>

        <record id="islr_wh_concept_pagos_transportes_y_fletes" model="islr.wh.concept">
            <field eval="1" name="withholdable"/>
            <field eval="'Pagos por Gastos de Transporte conformados por Fletes'" name="name"/>
        </record>

        <record id="islr_wh_concept_pagos_de_servicios_publicitarios" model="islr.wh.concept">
            <field eval="1" name="withholdable"/>
            <field eval="'Pagos por Servicios de Publicidad y Propaganda y la Cesión de la Venta de Espacios para tales fines'" name="name"/>
        </record>
        <record id="islr_wh_concept_pagos_administradores_en_el_pais" model="islr.wh.concept">
            <field eval="1" name="withholdable"/>
            <field eval="'Pagos de los Administradores de bienes Inmuebles a los arrendadores de los bienes inmuebles situados en el pais'" name="name"/>
        </record>
        <record id="islr_wh_concept_sueldos_y_salarios" model="islr.wh.concept">
            <field eval="1" name="withholdable"/>
            <field eval="'Sueldos y Salarios'" name="name"/>
        </record>
        <record id="islr_wh_concept_hprof_mancomunados_no_mercantiles" model="islr.wh.concept">
            <field eval="1" name="withholdable"/>
            <field eval="'Honorarios Profesionales Mancomunados No Mercantiles'" name="name"/>
        </record>
        <record id="islr_wh_concept_hprof_jinetes_entrenadores_preparadores" model="islr.wh.concept">
            <field eval="1" name="withholdable"/>
            <field eval="'Honorarios Profesionales Pagados a Jinetes, Veterinarios, Preparadores o Entrenadores'" name="name"/>
        </record>
        <record id="islr_wh_concept_hprof_sin_relacion_otras_instituciones" model="islr.wh.concept">
            <field eval="1" name="withholdable"/>
            <field eval="'Honorarios Profesionales pagados por Clínicas, Hospitales, Centros de Salud, Bufetes, Escritorios, Oficinas, Colegios Profesionales u otra Institución Profesionales No Mercantiles sin Relación de Dependencia'" name="name"/>
        </record>
        <record id="islr_wh_concept_comisiones_venta_inmuebles" model="islr.wh.concept">
            <field eval="1" name="withholdable"/>
            <field eval="'Comisiones pagadas por la venta de bienes inmuebles'" name="name"/>
        </record>
        <record id="islr_rh_concept_interes_capital_invertido_en_renta" model="islr.wh.concept">
            <field eval="1" name="withholdable"/>
            <field eval="'Intereses de Capitales tomados en préstamo e invertidos en la producción de renta'" name="name"/>
        </record>
        <record id="islr_wh_concept_int_prestamos_exterior" model="islr.wh.concept">
            <field eval="1" name="withholdable"/>
            <field eval="'Intereses provenientes de préstamos y otros créditos pagaderos a instituciones financieras constituidas en el exterior y no domiciliadas en el país'" name="name"/>
        </record>
        <record id="islr_wh_concept_intereses_por_personas_juridicas_o_comunidades" model="islr.wh.concept">
            <field eval="1" name="withholdable"/>
            <field eval="'Intereses pagados por las personas jurídicas o comunidades a cualquier otras persona natural, jurídica o comunidad'" name="name"/>
        </record>
        <record id="islr_wh_concept_exhibicion_de_peliculas" model="islr.wh.concept">
            <field eval="1" name="withholdable"/>
            <field eval="'Enriquecimientos netos de exhibición de películas, cine o la televisión'" name="name"/>
        </record>
        <record id="islr_wh_concept_regalias" model="islr.wh.concept">
            <field eval="1" name="withholdable"/>
            <field eval="'Enriquecimientos obtenidos por concepto de regalías y demás participaciones analogas'" name="name"/>
        </record>
        <record id="islr_wh_concept_asistencia_tecnica" model="islr.wh.concept">
            <field eval="1" name="withholdable"/>
            <field eval="'Enriquecimientos obtenidos por las Remuneraciones, Honorarios y Pagos análogos por Asistencia Técnica'" name="name"/>
        </record>
        <record id="islr_wh_concept_servicios_tecnologicos" model="islr.wh.concept">
            <field eval="1" name="withholdable"/>
            <field eval="'Enriquecimientos obtenidos por Servicios Tecnológicos utilizados en el país o cedidos a terceros'" name="name"/>
        </record>
        <record id="islr_wh_concept_primas_seguros_reaseguros" model="islr.wh.concept">
            <field eval="1" name="withholdable"/>
            <field eval="'Enriquecimientos netos derivados de las primas de seguros y reaseguros'" name="name"/>
        </record>
        <record id="islr_wh_concept_juegos_y_apuestas" model="islr.wh.concept">
            <field eval="1" name="withholdable"/>
            <field eval="'Ganancias obtenidas por juegos y apuestas'" name="name"/>
        </record>
        <record id="islr_wh_concept_loterias_e_hipodromos" model="islr.wh.concept">
            <field eval="1" name="withholdable"/>
            <field eval="'Ganancias obtenidas por premios de Loterías y de Hipódromos'" name="name"/>
        </record>
        <record id="islr_wh_concept_pagos_propietarios_animales_carrera_premios" model="islr.wh.concept">
            <field eval="1" name="withholdable"/>
            <field eval="'Pagos a Propietarios de Animales de Carrera por concepto de Premios'" name="name"/>
        </record>
        <record id="islr_wh_concept_pago_arrendadores_en_el_pais" model="islr.wh.concept">
            <field eval="1" name="withholdable"/>
            <field eval="'Pagos a los arrendadores de los bienes inmuebles situados en el país'" name="name"/>
        </record>
        <record id="islr_wh_concept_canon_arrendamiento_bienes_en_el_pais" model="islr.wh.concept">
            <field eval="1" name="withholdable"/>
            <field eval="'Cánones de arrendamiento de Bienes Muebles situados en el país'" name="name"/>
        </record>
        <record id="islr_wh_concept_tarjetas_de_credito_cualquier_concepto" model="islr.wh.concept">
            <field eval="1" name="withholdable"/>
            <field eval="'Pagos de las Empresas Emisoras de Tarjetas de Credito o Consumo por la venta de bienes y servicios o cualquier otro concepto'" name="name"/>
        </record>
        <record id="islr_wh_concept_tarjetas_de_credito_gasolina" model="islr.wh.concept">
            <field eval="1" name="withholdable"/>
            <field eval="'Pagos de las Empresas Emisoras de Tarjetas de Crédito por la venta de Gasolina en las Estaciones de Servicio'" name="name"/>
        </record>
        <record id="islr_wh_concept_seguros_prestacion" model="islr.wh.concept">
            <field eval="1" name="withholdable"/>
            <field eval="'Pagos de las Empresas de Seguro, las sociedades de corretaje de seguro y las empresas de reaseguros por la prestación de los servicios que le son propios'" name="name"/>
        </record>
        <record id="islr_wh_concept_pago_seguros_reparacion_damage" model="islr.wh.concept">
            <field eval="1" name="withholdable"/>
            <field eval="'Pagos de las Empresas de seguros a sus contratistas por la reparación de daños sufridos por los asegurados'" name="name"/>
        </record>
        <record id="islr_wh_concept_pagos_seguros_a_clinicas" model="islr.wh.concept">
            <field eval="1" name="withholdable"/>
            <field eval="'Pagos de las Empresas de Seguros a Clínicas, Hospitales y/o Centros de Salud por la Atención Médica a sus Asegurados'" name="name"/>
        </record>
        <record id="islr_wh_concept_fondos_de_comercio_en_el_pais" model="islr.wh.concept">
            <field eval="1" name="withholdable"/>
            <field eval="'Cantidades que se paguen por la adquisición de fondos de comercio situados en el país'" name="name"/>
        </record>
        <record id="islr_wh_concept_pub_emisoras" model="islr.wh.concept">
            <field eval="1" name="withholdable"/>
            <field eval="'Pagos por Servicios de Publicidad Propaganda y la Cesión de la Venta de los Espacios para tales fines a Emisoras de Radio'" name="name"/>
        </record>

        <!-- End of Concepts -->
        <!-- Begin of WH Rates -->
        <record id="islr_rates_086" model="islr.rates">
            <field eval="'PJDO'" name="name"/>
            <field eval="'086'" name="code"/>
            <field eval="0" name="nature"/>
            <field eval="1" name="residence"/>
            <field eval="0.33" name="minimum"/>
            <field eval="100.00" name="base"/>
            <field eval="3.00" name="wh_perc"/>
            <field eval="0.00" name="subtract"/>
            <field name="concept_id" ref="islr_wh_concept_pub_emisoras"/>
        </record>
        <record id="islr_rates_079" model="islr.rates">
            <field eval="'PNRE'" name="name"/>
            <field eval="'079'" name="code"/>
            <field eval="1" name="nature"/>
            <field eval="1" name="residence"/>
            <field eval="83.33" name="minimum"/>
            <field eval="100.00" name="base"/>
            <field eval="3.00" name="wh_perc"/>
            <field eval="2.50" name="subtract"/>
            <field name="concept_id" ref="islr_wh_concept_fondos_de_comercio_en_el_pais"/>
        </record>
        <record id="islr_rates_080" model="islr.rates">
            <field eval="'PNNR'" name="name"/>
            <field eval="'080'" name="code"/>
            <field eval="1" name="nature"/>
            <field eval="0" name="residence"/>
            <field eval="0.00" name="minimum"/>
            <field eval="100.00" name="base"/>
            <field eval="34.00" name="wh_perc"/>
            <field eval="0.00" name="subtract"/>
            <field name="concept_id" ref="islr_wh_concept_fondos_de_comercio_en_el_pais"/>
        </record>
        <!-- ME QUEDE AQUI-->
        <record id="islr_rates_081" model="islr.rates">
            <field eval="'PJDO'" name="name"/>
            <field eval="'081'" name="code"/>
            <field eval="0" name="nature"/>
            <field eval="1" name="residence"/>
            <field eval="0.33" name="minimum"/>
            <field eval="100.00" name="base"/>
            <field eval="5.00" name="wh_perc"/>
            <field eval="0.00" name="subtract"/>
            <field name="concept_id" ref="islr_wh_concept_fondos_de_comercio_en_el_pais"/>
        </record>
        <record id="islr_rates_082" model="islr.rates">
             <field eval="'PJND'" name="name"/>
            <field eval="'082'" name="code"/>
            <field eval="0" name="nature"/>
            <field eval="0" name="residence"/>
            <field eval="0.00" name="minimum"/>
            <field eval="100.00" name="base"/>
            <field eval="5.00" name="wh_perc"/>
            <field eval="0.00" name="subtract"/>
            <field name="concept_id" ref="islr_wh_concept_fondos_de_comercio_en_el_pais"/>
        </record>
        <record id="islr_rates_077" model="islr.rates">
            <field eval="'PNRE'" name="name"/>
            <field eval="'077'" name="code"/>
            <field eval="1" name="nature"/>
            <field eval="1" name="residence"/>
            <field eval="83.33" name="minimum"/>
            <field eval="100.00" name="base"/>
            <field eval="3.00" name="wh_perc"/>
            <field eval="2.50" name="subtract"/>
            <field name="concept_id" ref="islr_wh_concept_pagos_seguros_a_clinicas"/>
        </record>
        <record id="islr_rates_078" model="islr.rates">
            <field eval="'PJDO'" name="name"/>
            <field eval="'078'" name="code"/>
            <field eval="0" name="nature"/>
            <field eval="1" name="residence"/>
            <field eval="0.33" name="minimum"/>
            <field eval="100.00" name="base"/>
            <field eval="5.00" name="wh_perc"/>
            <field eval="0.00" name="subtract"/>
            <field name="concept_id" ref="islr_wh_concept_pagos_seguros_a_clinicas"/>
        </record>
        <record id="islr_wh_075" model="islr.rates">
            <field eval="'PNRE'" name="name"/>
            <field eval="'075'" name="code"/>
            <field eval="1" name="nature"/>
            <field eval="1" name="residence"/>
            <field eval="83.33" name="minimum"/>
            <field eval="100.00" name="base"/>
            <field eval="3.00" name="wh_perc"/>
            <field eval="2.50" name="subtract"/>
            <field name="concept_id" ref="islr_wh_concept_pago_seguros_reparacion_damage"/>
        </record>
        <record id="islr_wh_076" model="islr.rates">
            <field eval="'PJDO'" name="name"/>
            <field eval="'076'" name="code"/>
            <field eval="0" name="nature"/>
            <field eval="1" name="residence"/>
            <field eval="0.33" name="minimum"/>
            <field eval="100.00" name="base"/>
            <field eval="5.00" name="wh_perc"/>
            <field eval="0.00" name="subtract"/>
            <field name="concept_id" ref="islr_wh_concept_pago_seguros_reparacion_damage"/>
        </record>
        <record id="islr_rates_073" model="islr.rates">
            <field eval="'PNRE'" name="name"/>
            <field eval="'073'" name="code"/>
            <field eval="1" name="nature"/>
            <field eval="1" name="residence"/>
            <field eval="83.33" name="minimum"/>
            <field eval="100.00" name="base"/>
            <field eval="3.00" name="wh_perc"/>
            <field eval="2.50" name="subtract"/>
            <field name="concept_id" ref="islr_wh_concept_seguros_prestacion"/>
        </record>
        <record id="islr_rates_074" model="islr.rates">
            <field eval="'PJDO'" name="name"/>
            <field eval="'074'" name="code"/>
            <field eval="0" name="nature"/>
            <field eval="1" name="residence"/>
            <field eval="0.33" name="minimum"/>
            <field eval="100.00" name="base"/>
            <field eval="5.00" name="wh_perc"/>
            <field eval="0.00" name="subtract"/>
            <field name="concept_id" ref="islr_wh_concept_seguros_prestacion"/>
        </record>

        <record id="islr_rates_069" model="islr.rates">
            <field eval="'PNRE'" name="name"/>
            <field eval="'069'" name="code"/>
            <field eval="1" name="nature"/>
            <field eval="1" name="residence"/>
            <field eval="83.33" name="minimum"/>
            <field eval="100.00" name="base"/>
            <field eval="1.00" name="wh_perc"/>
            <field eval="0.83" name="subtract"/>
            <field name="concept_id" ref="islr_wh_concept_tarjetas_de_credito_gasolina"/>
        </record>
        <record id="islr_rates_70" model="islr.rates">
             <field eval="'PJDO'" name="name"/>
            <field eval="'070'" name="code"/>
            <field eval="0" name="nature"/>
            <field eval="1" name="residence"/>
            <field eval="0.00" name="minimum"/>
            <field eval="100.00" name="base"/>
            <field eval="1.00" name="wh_perc"/>
            <field eval="0.00" name="subtract"/>
            <field name="concept_id" ref="islr_wh_concept_tarjetas_de_credito_gasolina"/>
        </record>
        <record id="islr_rates_065" model="islr.rates">
            <field eval="'PNRE'" name="name"/>
            <field eval="'065'" name="code"/>
            <field eval="1" name="nature"/>
            <field eval="1" name="residence"/>
            <field eval="83.33" name="minimum"/>
            <field eval="100.00" name="base"/>
            <field eval="3.00" name="wh_perc"/>
            <field eval="2.50" name="subtract"/>
            <field name="concept_id" ref="islr_wh_concept_tarjetas_de_credito_cualquier_concepto"/>
        </record>
        <record id="islr_rates_066" model="islr.rates">
            <field eval="'PNNR'" name="name"/>
            <field eval="'066'" name="code"/>
            <field eval="1" name="nature"/>
            <field eval="0" name="residence"/>
            <field eval="0.00" name="minimum"/>
            <field eval="100.00" name="base"/>
            <field eval="34.00" name="wh_perc"/>
            <field eval="0.00" name="subtract"/>
            <field name="concept_id" ref="islr_wh_concept_tarjetas_de_credito_cualquier_concepto"/>
        </record>
        <record id="islr_rates_067" model="islr.rates">
            <field eval="'PJDO'" name="name"/>
            <field eval="'067'" name="code"/>
            <field eval="0" name="nature"/>
            <field eval="1" name="residence"/>
            <field eval="0.00" name="minimum"/>
            <field eval="100.00" name="base"/>
            <field eval="5.00" name="wh_perc"/>
            <field eval="0.00" name="subtract"/>
            <field name="concept_id" ref="islr_wh_concept_tarjetas_de_credito_cualquier_concepto"/>
        </record>
        <record id="islr_rates_068" model="islr.rates">
            <field eval="'PJND'" name="name"/>
            <field eval="'068'" name="code"/>
            <field eval="0" name="nature"/>
            <field eval="0" name="residence"/>
            <field eval="0.00" name="minimum"/>
            <field eval="100.00" name="base"/>
            <field eval="5.00" name="wh_perc"/>
            <field eval="0.00" name="subtract"/>
            <field name="concept_id" ref="islr_wh_concept_tarjetas_de_credito_cualquier_concepto"/>
        </record>
        <record id="islr_rates_061" model="islr.rates">
            <field eval="'PNRE'" name="name"/>
            <field eval="'061'" name="code"/>
            <field eval="1" name="nature"/>
            <field eval="1" name="residence"/>
            <field eval="83.33" name="minimum"/>
            <field eval="100.00" name="base"/>
            <field eval="3.00" name="wh_perc"/>
            <field eval="2.50" name="subtract"/>
            <field name="concept_id" ref="islr_wh_concept_canon_arrendamiento_bienes_en_el_pais"/>
        </record>
        <record id="islr_rates_062" model="islr.rates">
            <field eval="'PNNR'" name="name"/>
            <field eval="'062'" name="code"/>
            <field eval="1" name="nature"/>
            <field eval="0" name="residence"/>
            <field eval="0.00" name="minimum"/>
            <field eval="100.00" name="base"/>
            <field eval="34.00" name="wh_perc"/>
            <field eval="0.00" name="subtract"/>
            <field name="concept_id" ref="islr_wh_concept_canon_arrendamiento_bienes_en_el_pais"/>
        </record>
        <record id="islr_rates_063" model="islr.rates">
            <field eval="'PJDO'" name="name"/>
            <field eval="'063'" name="code"/>
            <field eval="0" name="nature"/>
            <field eval="1" name="residence"/>
            <field eval="0.33" name="minimum"/>
            <field eval="100.00" name="base"/>
            <field eval="5.00" name="wh_perc"/>
            <field eval="0.00" name="subtract"/>
            <field name="concept_id" ref="islr_wh_concept_canon_arrendamiento_bienes_en_el_pais"/>
        </record>
        <record id="islr_rates_064" model="islr.rates">
            <field eval="'PJND'" name="name"/>
            <field eval="'064'" name="code"/>
            <field eval="0" name="nature"/>
            <field eval="0" name="residence"/>
            <field eval="0.00" name="minimum"/>
            <field eval="100.00" name="base"/>
            <field eval="5.00" name="wh_perc"/>
            <field eval="0.00" name="subtract"/>
            <field name="concept_id" ref="islr_wh_concept_canon_arrendamiento_bienes_en_el_pais"/>
        </record>
        <record id="islr_rates_057" model="islr.rates">
            <field eval="'PNRE'" name="name"/>
            <field eval="'057'" name="code"/>
            <field eval="1" name="nature"/>
            <field eval="1" name="residence"/>
            <field eval="83.33" name="minimum"/>
            <field eval="100.00" name="base"/>
            <field eval="3.00" name="wh_perc"/>
            <field eval="2.50" name="subtract"/>
            <field name="concept_id" ref="islr_wh_concept_pago_arrendadores_en_el_pais"/>
        </record>
        <record id="islr_rates_058" model="islr.rates">
            <field eval="'PNNR'" name="name"/>
            <field eval="'058'" name="code"/>
            <field eval="1" name="nature"/>
            <field eval="0" name="residence"/>
            <field eval="0.00" name="minimum"/>
            <field eval="100.00" name="base"/>
            <field eval="34.00" name="wh_perc"/>
            <field eval="0.00" name="subtract"/>
            <field name="concept_id" ref="islr_wh_concept_pago_arrendadores_en_el_pais"/>
        </record>
        <record id="islr_rates_059" model="islr.rates">
            <field eval="'PJDO'" name="name"/>
            <field eval="'059'" name="code"/>
            <field eval="0" name="nature"/>
            <field eval="1" name="residence"/>
            <field eval="0.33" name="minimum"/>
            <field eval="100.00" name="base"/>
            <field eval="5.00" name="wh_perc"/>
            <field eval="0.00" name="subtract"/>
            <field name="concept_id" ref="islr_wh_concept_pago_arrendadores_en_el_pais"/>
        </record>
        <record id="islr_rates_049" model="islr.rates">
            <field eval="'PNRE'" name="name"/>
            <field eval="'049'" name="code"/>
            <field eval="1" name="nature"/>
            <field eval="1" name="residence"/>
            <field eval="83.33" name="minimum"/>
            <field eval="100.00" name="base"/>
            <field eval="3.00" name="wh_perc"/>
            <field eval="2.50" name="subtract"/>
            <field name="concept_id" ref="islr_wh_concept_pagos_propietarios_animales_carrera_premios"/>
        </record>
        <record id="islr_rates_050" model="islr.rates">
            <field eval="'PNNR'" name="name"/>
            <field eval="'050'" name="code"/>
            <field eval="1" name="nature"/>
            <field eval="0" name="residence"/>
            <field eval="0.00" name="minimum"/>
            <field eval="100.00" name="base"/>
            <field eval="34.00" name="wh_perc"/>
            <field eval="0.00" name="subtract"/>
            <field name="concept_id" ref="islr_wh_concept_pagos_propietarios_animales_carrera_premios"/>
        </record>
        <record id="islr_rates_051" model="islr.rates">
            <field eval="'PJDO'" name="name"/>
            <field eval="'051'" name="code"/>
            <field eval="0" name="nature"/>
            <field eval="1" name="residence"/>
            <field eval="0.32" name="minimum"/>
            <field eval="100.00" name="base"/>
            <field eval="5.00" name="wh_perc"/>
            <field eval="0.00" name="subtract"/>
            <field name="concept_id" ref="islr_wh_concept_pagos_propietarios_animales_carrera_premios"/>
        </record>
        <record id="islr_rates_052" model="islr.rates">
            <field eval="'PJND'" name="name"/>
            <field eval="'052'" name="code"/>
            <field eval="0" name="nature"/>
            <field eval="0" name="residence"/>
            <field eval="0.00" name="minimum"/>
            <field eval="100.00" name="base"/>
            <field eval="5.00" name="wh_perc"/>
            <field eval="0.00" name="subtract"/>
            <field name="concept_id" ref="islr_wh_concept_pagos_propietarios_animales_carrera_premios"/>
        </record>
        <record id="islr_rates_045" model="islr.rates">
            <field eval="'PNRE'" name="name"/>
            <field eval="'045'" name="code"/>
            <field eval="1" name="nature"/>
            <field eval="1" name="residence"/>
            <field eval="0.00" name="minimum"/>
            <field eval="100.00" name="base"/>
            <field eval="16.00" name="wh_perc"/>
            <field eval="0.00" name="subtract"/>
            <field name="concept_id" ref="islr_wh_concept_loterias_e_hipodromos"/>
        </record>
        <record id="islr_rates_046" model="islr.rates">
            <field eval="'PNNR'" name="name"/>
            <field eval="'046'" name="code"/>
            <field eval="1" name="nature"/>
            <field eval="0" name="residence"/>
            <field eval="0.00" name="minimum"/>
            <field eval="100.00" name="base"/>
            <field eval="16.00" name="wh_perc"/>
            <field eval="0.00" name="subtract"/>
            <field name="concept_id" ref="islr_wh_concept_loterias_e_hipodromos"/>
        </record>
        <record id="islr_rates_047" model="islr.rates">
            <field eval="'PJDO'" name="name"/>
            <field eval="'047'" name="code"/>
            <field eval="0" name="nature"/>
            <field eval="1" name="residence"/>
            <field eval="0.00" name="minimum"/>
            <field eval="100.00" name="base"/>
            <field eval="16.00" name="wh_perc"/>
            <field eval="0.00" name="subtract"/>
            <field name="concept_id" ref="islr_wh_concept_loterias_e_hipodromos"/>
        </record>
        <record id="islr_rates_048" model="islr.rates">
            <field eval="'PJND'" name="name"/>
            <field eval="'048'" name="code"/>
            <field eval="0" name="nature"/>
            <field eval="0" name="residence"/>
            <field eval="0.00" name="minimum"/>
            <field eval="100.00" name="base"/>
            <field eval="16.00" name="wh_perc"/>
            <field eval="0.00" name="subtract"/>
            <field name="concept_id" ref="islr_wh_concept_loterias_e_hipodromos"/>
        </record>
        <record id="islr_rates_041" model="islr.rates">
            <field eval="'PNRE'" name="name"/>
            <field eval="'041'" name="code"/>
            <field eval="1" name="nature"/>
            <field eval="1" name="residence"/>
            <field eval="0.00" name="minimum"/>
            <field eval="100.00" name="base"/>
            <field eval="34.00" name="wh_perc"/>
            <field eval="0.00" name="subtract"/>
            <field name="concept_id" ref="islr_wh_concept_juegos_y_apuestas"/>
        </record>
        <record id="islr_rates_042" model="islr.rates">
            <field eval="'PNNR'" name="name"/>
            <field eval="'042'" name="code"/>
            <field eval="1" name="nature"/>
            <field eval="0" name="residence"/>
            <field eval="0.00" name="minimum"/>
            <field eval="100.00" name="base"/>
            <field eval="34.00" name="wh_perc"/>
            <field eval="0.00" name="subtract"/>
            <field name="concept_id" ref="islr_wh_concept_juegos_y_apuestas"/>
        </record>
        <record id="islr_rates_043" model="islr.rates">
            <field eval="'PNNR'" name="name"/>
            <field eval="'043'" name="code"/>
            <field eval="0" name="nature"/>
            <field eval="1" name="residence"/>
            <field eval="0.00" name="minimum"/>
            <field eval="100.00" name="base"/>
            <field eval="34.00" name="wh_perc"/>
            <field eval="0.00" name="subtract"/>
            <field name="concept_id" ref="islr_wh_concept_juegos_y_apuestas"/>
        </record>
        <record id="islr_rates_044" model="islr.rates">
            <field eval="'PJND'" name="name"/>
            <field eval="'044'" name="code"/>
            <field eval="0" name="nature"/>
            <field eval="0" name="residence"/>
            <field eval="0.00" name="minimum"/>
            <field eval="100.00" name="base"/>
            <field eval="34.00" name="wh_perc"/>
            <field eval="0.00" name="subtract"/>
            <field name="concept_id" ref="islr_wh_concept_juegos_y_apuestas"/>
        </record>
        <record id="islr_rates_040" model="islr.rates">
            <field eval="'PJND'" name="name"/>
            <field eval="'040'" name="code"/>
            <field eval="0" name="nature"/>
            <field eval="0" name="residence"/>
            <field eval="0.00" name="minimum"/>
            <field eval="30.00" name="base"/>
            <field eval="10.00" name="wh_perc"/>
            <field eval="0.00" name="subtract"/>
            <field name="concept_id" ref="islr_wh_concept_primas_seguros_reaseguros"/>
        </record>
        <record id="islr_rates_038" model="islr.rates">
            <field eval="'PNNR'" name="name"/>
            <field eval="'038'" name="code"/>
            <field eval="1" name="nature"/>
            <field eval="0" name="residence"/>
            <field eval="0.00" name="minimum"/>
            <field eval="50.00" name="base"/>
            <field eval="34.00" name="wh_perc"/>
            <field eval="0.00" name="subtract"/>
            <field name="concept_id" ref="islr_wh_concept_servicios_tecnologicos"/>
        </record>
        <record id="islr_rates_036" model="islr.rates">
            <field eval="'PNNR'" name="name"/>
            <field eval="'036'" name="code"/>
            <field eval="1" name="nature"/>
            <field eval="0" name="residence"/>
            <field eval="0.00" name="minimum"/>
            <field eval="30.00" name="base"/>
            <field eval="34.00" name="wh_perc"/>
            <field eval="0.00" name="subtract"/>
            <field name="concept_id" ref="islr_wh_concept_asistencia_tecnica"/>
        </record>

        <record id="islr_rates_034" model="islr.rates">
            <field eval="'PNNR'" name="name"/>
            <field eval="'034'" name="code"/>
            <field eval="1" name="nature"/>
            <field eval="0" name="residence"/>
            <field eval="0.00" name="minimum"/>
            <field eval="90.00" name="base"/>
            <field eval="34.00" name="wh_perc"/>
            <field eval="0.00" name="subtract"/>
            <field name="concept_id" ref="islr_wh_concept_regalias"/>
        </record>
        <record id="islr_rates_032" model="islr.rates">
            <field eval="'PNNR'" name="name"/>
            <field eval="'032'" name="code"/>
            <field eval="1" name="nature"/>
            <field eval="0" name="residence"/>
            <field eval="0.00" name="minimum"/>
            <field eval="25.00" name="base"/>
            <field eval="34.00" name="wh_perc"/>
            <field eval="0.00" name="subtract"/>
            <field name="concept_id" ref="islr_wh_concept_exhibicion_de_peliculas"/>
        </record>
        <record id="islr_rate_025" model="islr.rates">
            <field eval="'PNRE'" name="name"/>
            <field eval="'025'" name="code"/>
            <field eval="1" name="nature"/>
            <field eval="1" name="residence"/>
            <field eval="83.33" name="minimum"/>
            <field eval="100.00" name="base"/>
            <field eval="3.00" name="wh_perc"/>
            <field eval="2.50" name="subtract"/>
            <field name="concept_id" ref="islr_wh_concept_intereses_por_personas_juridicas_o_comunidades"/>
        </record>
        <record id="islr_rates_026" model="islr.rates">
            <field eval="'PNNR'" name="name"/>
            <field eval="'026'" name="code"/>
            <field eval="1" name="nature"/>
            <field eval="0" name="residence"/>
            <field eval="0.00" name="minimum"/>
            <field eval="95.00" name="base"/>
            <field eval="34.00" name="wh_perc"/>
            <field eval="0.00" name="subtract"/>
            <field name="concept_id" ref="islr_wh_concept_intereses_por_personas_juridicas_o_comunidades"/>
        </record>
        <record id="islr_rates_027" model="islr.rates">
            <field eval="'PJDO'" name="name"/>
            <field eval="'027'" name="code"/>
            <field eval="0" name="nature"/>
            <field eval="1" name="residence"/>
            <field eval="0.33" name="minimum"/>
            <field eval="100.00" name="base"/>
            <field eval="5.00" name="wh_perc"/>
            <field eval="0.00" name="subtract"/>
            <field name="concept_id" ref="islr_wh_concept_intereses_por_personas_juridicas_o_comunidades"/>
        </record>
        <record id="islr_rates_023" model="islr.rates">
            <field eval="'PJND'" name="name"/>
            <field eval="'023'" name="code"/>
            <field eval="0" name="nature"/>
            <field eval="0" name="residence"/>
            <field eval="0.00" name="minimum"/>
            <field eval="100.00" name="base"/>
            <field eval="4.95" name="wh_perc"/>
            <field eval="0.00" name="subtract"/>
            <field name="concept_id" ref="islr_wh_concept_int_prestamos_exterior"/>
        </record>
        <record id="islr_rates_022" model="islr.rates">
            <field eval="'PNNR'" name="name"/>
            <field eval="'022'" name="code"/>
            <field eval="1" name="nature"/>
            <field eval="0" name="residence"/>
            <field eval="0.00" name="minimum"/>
            <field eval="95.00" name="base"/>
            <field eval="34.00" name="wh_perc"/>
            <field eval="0.00" name="subtract"/>
            <field name="concept_id" ref="islr_rh_concept_interes_capital_invertido_en_renta"/>
        </record>
        <record id="islr_rates_014" model="islr.rates">
            <field eval="'PNRE'" name="name"/>
            <field eval="'014'" name="code"/>
            <field eval="1" name="nature"/>
            <field eval="1" name="residence"/>
            <field eval="83.33" name="minimum"/>
            <field eval="100.00" name="base"/>
            <field eval="3.00" name="wh_perc"/>
            <field eval="2.50" name="subtract"/>
            <field name="concept_id" ref="islr_wh_concept_comisiones_venta_inmuebles"/>
        </record>
        <record id="islr_rates_015" model="islr.rates">
            <field eval="'PNNR'" name="name"/>
            <field eval="'015'" name="code"/>
            <field eval="1" name="nature"/>
            <field eval="0" name="residence"/>
            <field eval="0.00" name="minimum"/>
            <field eval="100.00" name="base"/>
            <field eval="34.00" name="wh_perc"/>
            <field eval="0.00" name="subtract"/>
            <field name="concept_id" ref="islr_wh_concept_comisiones_venta_inmuebles"/>
        </record>
        <record id="islr_rates_017" model="islr.rates">
            <field eval="'PJND'" name="name"/>
            <field eval="'017'" name="code"/>
            <field eval="0" name="nature"/>
            <field eval="0" name="residence"/>
            <field eval="0.00" name="minimum"/>
            <field eval="100.00" name="base"/>
            <field eval="5.00" name="wh_perc"/>
            <field eval="0.00" name="subtract"/>
            <field name="concept_id" ref="islr_wh_concept_comisiones_venta_inmuebles"/>
        </record>
        <record id="islr_rates_016" model="islr.rates">
            <field eval="'PJDO'" name="name"/>
            <field eval="'016'" name="code"/>
            <field eval="0" name="nature"/>
            <field eval="1" name="residence"/>
            <field eval="0.33" name="minimum"/>
            <field eval="100.00" name="base"/>
            <field eval="5.00" name="wh_perc"/>
            <field eval="0.00" name="subtract"/>
            <field name="concept_id" ref="islr_wh_concept_comisiones_venta_inmuebles"/>
        </record>
        <record id="islr_rates_010" model="islr.rates">
            <field eval="'PNRE'" name="name"/>
            <field eval="'010'" name="code"/>
            <field eval="1" name="nature"/>
            <field eval="1" name="residence"/>
            <field eval="83.33" name="minimum"/>
            <field eval="100.00" name="base"/>
            <field eval="3.00" name="wh_perc"/>
            <field eval="2.50" name="subtract"/>
            <field name="concept_id" ref="islr_wh_concept_hprof_jinetes_entrenadores_preparadores"/>
        </record>
        <record id="islr_rates_011" model="islr.rates">
            <field eval="'PNNR'" name="name"/>
            <field eval="'011'" name="code"/>
            <field eval="1" name="nature"/>
            <field eval="0" name="residence"/>
            <field eval="0.00" name="minimum"/>
            <field eval="90.00" name="base"/>
            <field eval="34.00" name="wh_perc"/>
            <field eval="0.00" name="subtract"/>
            <field name="concept_id" ref="islr_wh_concept_hprof_jinetes_entrenadores_preparadores"/>
        </record>
        <record id="islr_rate_012" model="islr.rates">
            <field eval="'PNRE'" name="name"/>
            <field eval="'012'" name="code"/>
            <field eval="1" name="nature"/>
            <field eval="1" name="residence"/>
            <field eval="83.33" name="minimum"/>
            <field eval="100.00" name="base"/>
            <field eval="3.00" name="wh_perc"/>
            <field eval="2.50" name="subtract"/>
            <field name="concept_id" ref="islr_wh_concept_hprof_sin_relacion_otras_instituciones"/>
        </record>
        <record id="islr_rate_013" model="islr.rates">
            <field eval="'PNNR'" name="name"/>
            <field eval="'013'" name="code"/>
            <field eval="1" name="nature"/>
            <field eval="0" name="residence"/>
            <field eval="0.00" name="minimum"/>
            <field eval="90.00" name="base"/>
            <field eval="34.00" name="wh_perc"/>
            <field eval="0.00" name="subtract"/>
            <field name="concept_id" ref="islr_wh_concept_hprof_sin_relacion_otras_instituciones"/>
        </record>
        <record id="islr_rates_006" model="islr.rates">
            <field eval="'PNRE'" name="name"/>
            <field eval="'006'" name="code"/>
            <field eval="1" name="nature"/>
            <field eval="1" name="residence"/>
            <field eval="83.33" name="minimum"/>
            <field eval="100.00" name="base"/>
            <field eval="3.00" name="wh_perc"/>
            <field eval="2.53" name="subtract"/>
            <field name="concept_id" ref="islr_wh_concept_hprof_mancomunados_no_mercantiles"/>
        </record>
        <record id="islr_rates_007" model="islr.rates">
            <field eval="'PNNR'" name="name"/>
            <field eval="'007'" name="code"/>
            <field eval="1" name="nature"/>
            <field eval="0" name="residence"/>
            <field eval="0.00" name="minimum"/>
            <field eval="90.00" name="base"/>
            <field eval="34.00" name="wh_perc"/>
            <field eval="0.00" name="subtract"/>
            <field name="concept_id" ref="islr_wh_concept_hprof_mancomunados_no_mercantiles"/>
        </record>
        <record id="islr_rates_008" model="islr.rates">
            <field eval="'PJDO'" name="name"/>
            <field eval="'008'" name="code"/>
            <field eval="0" name="nature"/>
            <field eval="1" name="residence"/>
            <field eval="0.32" name="minimum"/>
            <field eval="100.00" name="base"/>
            <field eval="5.00" name="wh_perc"/>
            <field eval="0.00" name="subtract"/>
            <field name="concept_id" ref="islr_wh_concept_hprof_mancomunados_no_mercantiles"/>
        </record>
		<record id="islr_rates_002" model="islr.rates">
            <field eval="'PNRE'" name="name"/>
			<field eval="'002'" name="code"/>
			<field eval="1" name="nature"/>
			<field eval="1" name="residence"/>
			<field eval="83.33" name="minimum"/>
			<field eval="100.00" name="base"/>
			<field eval="3.00" name="wh_perc"/>
			<field eval="2.53" name="subtract"/>
			<field name="concept_id" ref="islr_wh_concept_hprof_no_mercantiles"/>
        </record>
        <record id="islr_rates_003" model="islr.rates">
            <field eval="'PNNR'" name="name"/>
            <field eval="'003'" name="code"/>
            <field eval="1" name="nature"/>
            <field eval="0" name="residence"/>
            <field eval="0.00" name="minimum"/>
            <field eval="90.00" name="base"/>
            <field eval="34.00" name="wh_perc"/>
            <field eval="0.00" name="subtract"/>
            <field name="concept_id" ref="islr_wh_concept_hprof_no_mercantiles"/>
        </record>
		<record id="islr_rates_004" model="islr.rates">
            <field eval="'PJDO'" name="name"/>
			<field eval="'004'" name="code"/>
			<field eval="0" name="nature"/>
            <field eval="1" name="residence"/>
            <field eval="0.32" name="minimum"/>
			<field eval="100.00" name="base"/>
            <field eval="5.00" name="wh_perc"/>
            <field eval="0.00" name="subtract"/>
			<field name="concept_id" ref="islr_wh_concept_hprof_no_mercantiles"/>
		</record>
		<record id="islr_rates_018" model="islr.rates">
            <field eval="'PNRE'" name="name"/>
			<field eval="'018'" name="code"/>
			<field eval="1" name="nature"/>
			<field eval="1" name="residence"/>
			<field eval="83.33" name="minimum"/>
			<field eval="100.0" name="base"/>
			<field eval="3.0" name="wh_perc"/>
			<field eval="2.5333" name="subtract"/>
			<field name="concept_id" ref="islr_wh_concept_cualquie_cosa_menos_sueldos"/>
        </record>
        <record id="islr_rates_019" model="islr.rates">
            <field eval="'PNNR'" name="name"/>
            <field eval="'019'" name="code"/>
            <field eval="1" name="nature"/>
            <field eval="0" name="residence"/>
            <field eval="0.00" name="minimum"/>
            <field eval="100.00" name="base"/>
            <field eval="34.00" name="wh_perc"/>
            <field eval="0.00" name="subtract"/>
            <field name="concept_id" ref="islr_wh_concept_cualquie_cosa_menos_sueldos"/>
        </record>
		<record id="islr_rates_020" model="islr.rates">
            <field eval="'PJDO'" name="name"/>
			<field eval="'020'" name="code"/>
			<field eval="0" name="nature"/>
            <field eval="1" name="residence"/>
            <field eval="83.33" name="minimum"/>
			<field eval="100.0" name="base"/>
            <field eval="5.0" name="wh_perc"/>
            <field eval="0" name="subtract"/>
			<field name="concept_id" ref="islr_wh_concept_cualquie_cosa_menos_sueldos"/>
        </record>
        <record id="islr_021" model="islr.rates">
            <field eval="'PJND'" name="name"/>
            <field eval="'021'" name="code"/>
            <field eval="0" name="nature"/>
            <field eval="0" name="residence"/>
            <field eval="0.00" name="minimum"/>
            <field eval="100.00" name="base"/>
            <field eval="5.00" name="wh_perc"/>
            <field eval="0.00" name="subtract"/>
            <field name="concept_id" ref="islr_wh_concept_cualquie_cosa_menos_sueldos"/>
        </record>
		<record id="islr_rates_053" model="islr.rates">
            <field eval="'PNRE'" name="name"/>
			<field eval="'053'" name="code"/>
			<field eval="1" name="nature"/>
			<field eval="1" name="residence"/>
			<field eval="83.3333" name="minimum"/>
			<field eval="100.0" name="base"/>
			<field eval="1.0" name="wh_perc"/>
			<field eval="0.83333" name="subtract"/>
			<field name="concept_id" ref="islr_wh_concept_pago_contratistas"/>
        </record>
        <record id="islr_rates_054" model="islr.rates">
            <field eval="'PNNR'" name="name"/>
            <field eval="'054'" name="code"/>
            <field eval="1" name="nature"/>
            <field eval="0" name="residence"/>
            <field eval="0.00" name="minimum"/>
            <field eval="100.00" name="base"/>
            <field eval="34.00" name="wh_perc"/>
            <field eval="0.00" name="subtract"/>
            <field name="concept_id" ref="islr_wh_concept_pago_contratistas"/>
        </record>
		<record id="islr_rates_055" model="islr.rates">
            <field eval="'PJDO'" name="name"/>
			<field eval="'055'" name="code"/>
			<field eval="0" name="nature"/>
            <field eval="1" name="residence"/>
            <field eval="0.0" name="minimum"/>
			<field eval="100.0" name="base"/>
            <field eval="2.0" name="wh_perc"/>
            <field eval="0" name="subtract"/>
			<field name="concept_id" ref="islr_wh_concept_pago_contratistas"/>
		</record>
		<record id="islr_rates_072" model="islr.rates">
            <field eval="'PJDO'" name="name"/>
			<field eval="'072'" name="code"/>
			<field eval="0" name="nature"/>
            <field eval="1" name="residence"/>
            <field eval="0.33" name="minimum"/>
			<field eval="100.00" name="base"/>
            <field eval="3.00" name="wh_perc"/>
            <field eval="0" name="subtract"/>
			<field name="concept_id" ref="islr_wh_concept_pagos_transportes_y_fletes"/>
        </record>
        <record id="islr_rates_083" model="islr.rates">
            <field eval="'PNRE'" name="name"/>
            <field eval="'083'" name="code"/>
            <field eval="1" name="nature"/>
            <field eval="1" name="residence"/>
            <field eval="0.33" name="minimum"/>
            <field eval="100.00" name="base"/>
            <field eval="5.00" name="wh_perc"/>
            <field eval="0.00" name="subtract"/>
            <field name="concept_id" ref="islr_wh_concept_pagos_de_servicios_publicitarios"/>
        </record>
		<record id="islr_rates_084" model="islr.rates">
            <field eval="'PJDO'" name="name"/>
			<field eval="'084'" name="code"/>
			<field eval="0" name="nature"/>
            <field eval="1" name="residence"/>
            <field eval="83.3333" name="minimum"/>
			<field eval="100.0" name="base"/>
            <field eval="5.0" name="wh_perc"/>
            <field eval="0" name="subtract"/>
			<field name="concept_id" ref="islr_wh_concept_pagos_de_servicios_publicitarios"/>
        </record>
        <record id="islr_rates_085" model="islr.rates">
            <field eval="'PJND'" name="name"/>
            <field eval="'085'" name="code"/>
            <field eval="0" name="nature"/>
            <field eval="0" name="residence"/>
            <field eval="0.00" name="minimum"/>
            <field eval="100.00" name="base"/>
            <field eval="5.00" name="wh_perc"/>
            <field eval="0.00" name="subtract"/>
            <field name="concept_id" ref="islr_wh_concept_pagos_de_servicios_publicitarios"/>
        </record>
		<record id="islr_rates_059_duplicated" model="islr.rates">
            <field eval="'PJDO'" name="name"/>
			<field eval="'059'" name="code"/>
			<field eval="0" name="nature"/>
            <field eval="1" name="residence"/>
            <field eval="83.3333" name="minimum"/>
			<field eval="100.0" name="base"/>
            <field eval="5.0" name="wh_perc"/>
            <field eval="0" name="subtract"/>
			<field name="concept_id" ref="islr_wh_concept_pagos_administradores_en_el_pais"/>
		</record>
		<record id="islr_rates_001" model="islr.rates">
            <field eval="'PNRE'" name="name"/>
			<field eval="'001'" name="code"/>
			<field eval="1" name="nature"/>
			<field eval="1" name="residence"/>
            <field eval="83.3333" name="minimum"/>
            <field eval="0" name="subtract"/>
            <field eval="0" name="wh_perc"/>
            <field eval="100" name="base"/>
			<field name="concept_id" ref="islr_wh_concept_sueldos_y_salarios"/>
		</record>
		<record id="islr_rates_071" model="islr.rates">
            <field eval="'PNRE'" name="name"/>
			<field eval="'071'" name="code"/>
			<field eval="1" name="nature"/>
			<field eval="1" name="residence"/>
			<field eval="83.33333" name="minimum"/>
			<field eval="100.0" name="base"/>
			<field eval="1.0" name="wh_perc"/>
			<field eval="0.83333" name="subtract"/>
			<field name="concept_id" ref="islr_wh_concept_pagos_transportes_y_fletes"/>
        </record>
        <!-- End of WH Rates -->
	</data>
</odoo>