id,name,model_id:id,group_id:id,perm_read,perm_write,perm_create,perm_unlink
access_locv_withholding_iva_account_wh_iva,locv_withholding_iva.account_wh_iva,model_account_wh_iva,locv_grupo_localizacion.group_localizacion,1,1,1,1
access_locv_withholding_iva_account_wh_iva_line_tax,locv_withholding_iva.account_wh_iva_line_tax,model_account_wh_iva_line_tax,locv_grupo_localizacion.group_localizacion,1,1,1,1
access_locv_withholding_iva_account_wh_iva_line,locv_withholding_iva.account_wh_iva_line,model_account_wh_iva_line,locv_grupo_localizacion.group_localizacion,1,1,1,1
access_locv_withholding_iva_txt_iva,locv_withholding_iva.txt_iva,model_txt_iva,locv_grupo_localizacion.group_localizacion,1,1,1,1
access_locv_withholding_iva_txt_iva_line,locv_withholding_iva.txt_iva_line,model_txt_iva_line,locv_grupo_localizacion.group_localizacion,1,1,1,1

