<?xml version='1.0' encoding='UTF-8'?>
<openerp>
<data noupdate="1">

    <record id="group_account_fiscal_book_manager" model="res.groups">
        <field name="name">Fiscal Book / Manager</field>
    </record>
    <record id="group_account_fiscal_book_power_user" model="res.groups">
        <field name="name">Fiscal Book / Power User</field>
    </record>
    <record id="group_account_fiscal_book_user" model="res.groups">
        <field name="name">Fiscal Book / User</field>
    </record>

</data>
</openerp>
