id,name,model_id:id,group_id:id,perm_read,perm_write,perm_create,perm_unlink
access_locv_fiscal_book_fiscal_book,locv_fiscal_book.fiscal_book,model_fiscal_book,locv_grupo_localizacion.group_localizacion,1,1,1,1
access_locv_fiscal_book_fiscal_book_line,locv_fiscal_book.fiscal_book_line,model_fiscal_book_line,locv_grupo_localizacion.group_localizacion,1,1,1,1
access_locv_fiscal_book_fiscal_book_taxes,locv_fiscal_book.fiscal_book_taxes,model_fiscal_book_taxes,locv_grupo_localizacion.group_localizacion,1,1,1,1
access_locv_fiscal_book_fiscal_book_taxes_summary,locv_fiscal_book.fiscal_book_taxes_summary,model_fiscal_book_taxes_summary,locv_grupo_localizacion.group_localizacion,1,1,1,1
access_locv_fiscal_book_adjustment_book_line,locv_fiscal_book.adjustment_book_line,model_adjustment_book_line,locv_grupo_localizacion.group_localizacion,1,1,1,1
access_locv_fiscal_book_fiscal_book_wizard,locv_fiscal_book.fiscal_book_wizard,model_fiscal_book_wizard,locv_grupo_localizacion.group_localizacion,1,1,1,1
access_locv_fiscal_book_change_invoice_sin_cred,locv_fiscal_book.change_invoice_sin_cred,model_change_invoice_sin_cred,locv_grupo_localizacion.group_localizacion,1,1,1,1
