<?xml version='1.0' encoding='UTF-8'?>
<odoo>
        <data noupdate="1">
            <record id="l10n_ut_data_2014" model="l10n.ut">
            <field name="name">40.359</field>
            <field name="date">2014-03-01</field>
            <field name="amount">127.00</field>
            </record> 
            <record id="l10n_ut_data_2013" model="l10n.ut">
            <field name="name">40.106</field>
            <field name="date">2013-02-06</field>
            <field name="amount">107.00</field>
            </record> 
            <record id="l10n_ut_data_2012" model="l10n.ut">
            <field name="name">39.866</field>
            <field name="date">2012-03-01</field>
            <field name="amount">90.00</field>
            </record>
            <record id="l10n_ut_data_2011" model="l10n.ut">
            <field name="name">39.623</field>
            <field name="date">2011-03-01</field>
            <field name="amount">76.00</field>
            </record>
            <record id="l10n_ut_data_2010" model="l10n.ut">
            <field name="name">39.361</field>
            <field name="date">2010-03-01</field>
            <field name="amount">65.00</field>
            </record>
            <record id="l10n_ut_data_2009" model="l10n.ut">
            <field name="name">39.127</field>
            <field name="date">2009-03-01</field>
            <field name="amount">55.00</field>
            </record>
            <record id="l10n_ut_data_2008" model="l10n.ut">
            <field name="name">38.855</field>
            <field name="date">2008-02-01</field>
            <field name="amount">46.00</field>
            </record>
            <record id="l10n_ut_data_2007" model="l10n.ut">
            <field name="name">38.603</field>
            <field name="date">2007-01-01</field>
            <field name="amount">37.632</field>
            </record>
            <record id="l10n_ut_data_2006" model="l10n.ut">
            <field name="name">38.350</field>
            <field name="date">2006-01-01</field>
            <field name="amount">33.60</field>
            </record>
    </data>
</odoo>
